run_name,top_1_acc,top_5_acc,mean_cosine_sim,mean_rank,n_test
b_cnn_sbert,0.017982017982017984,0.057942057942057944,0.9218366552185226,348.2187812187812,1001
