model,embedding,n_test,top_1_acc,top_2_acc,top_3_acc,top_5_acc,mrr,mean_cosine_sim,mean_rank,median_rank
google/gemini-2.0-flash-lite-001,tinybert_mean_312d,1001,0.45754245754245754,0.45754245754245754,0.45854145854145856,0.46153846153846156,0.4613243564960656,0.9898365082202496,1149.7172827172826,52.0
