model,embedding,n_test,top_1_acc,top_2_acc,top_3_acc,top_5_acc,mrr,mean_cosine_sim,mean_rank,median_rank
google/gemini-2.0-flash-lite-001,tinybert_mean_312d,1001,0.14385614385614387,0.14485514485514486,0.14485514485514486,0.14485514485514486,0.14611150845984047,0.90564429313391,3700.3646353646354,3251.0
