model,embedding,n_test,top_1_acc,top_2_acc,top_3_acc,top_5_acc,mrr,mean_cosine_sim,mean_rank,median_rank
google/gemini-2.0-flash-lite-001,sbert_norm,1001,0.45354645354645357,0.4905094905094905,0.5204795204795205,0.5634365634365635,0.5032018467910028,0.9826064897583915,283.7712287712288,3.0
